"Subject","Start Date","Start Time","End Date","End Time","All Day Event","Description","Location"
"Team Meeting","04/01/2025","9:00 AM","04/01/2025","10:00 AM","False","Weekly sync","online"
"Project Review","04/01/2025","11:00 AM","04/01/2025","12:30 PM","False","Review milestones","Office"
"Seminar","04/02/2025","1:00 PM","04/02/2025","4:00 PM","False","Tech talk","Auditorium"
"Team Meeting","04/08/2025","9:00 AM","04/08/2025","10:00 AM","False","Weekly sync","online"
"Workshop","04/10/2025","10:00 AM","04/10/2025","1:00 PM","False","Hands-on training","Lab"
"Client Call","04/15/2025","9:00 AM","04/15/2025","10:00 AM","False","Discuss requirements","online"
"Team Meeting","04/15/2025","11:00 AM","04/15/2025","12:00 PM","False","Weekly sync","online"
"Conference","04/20/2025","10:00 AM","04/20/2025","6:00 PM","False","Industry event","Convention Center"